StateCodes,state,Region,Division,Coast,isHouseholder,isPerson,healthRecordsUser,webUser,homeIOTUser,callConfUser,healthInfoUser,jobSearchUser,eCommerceUser,audioUser,onlineClassUser,teleworkUser,emailUser,healthMonitoringUser,financeUser,locationServicesUser,socialNetworkUser,textIMUser,videoUser,mobileOutsideHome,affordabilityMostImportant,serviceMostImportant,dataCapMostImportant,dialUpAtHome,ispBundle,homeIncludedInternet,mobileAtHome,mobilityMostImportant,homePublicFreeInternet,reliabilityMostImportant,satelliteAtHome,speedMostImportant,homeSubPrivateISP,homeSubPublicISP,wiredHighSpeedAtHome,adultInternetUser,internetAnywhere,internetAtHome,noInternetAtHome,isAdult,desktopUser,laptopUser,mobilePhoneUser,tvBoxUser,tabletUser,wearableUser,internetUser,travelingInternetUser,homeInternetUser,schoolInternetUser,altHomeInternetUser,workInternetUser,cafeInternetUser,libCommInternetUser,homePhoneInBundle,homeSecInBundle,mobilePhoneInBundle,tvInBundle,homeEverOnline,canUseElsewhereMainReason,noNeedInterestMainReason,noComputerMainReason,unavailableMainReason,privSecMainReason,tooExpensiveMainReason
AL,Alabama,3,6,1,1,1,0.131038,0.89154,0.07711,0.263846,0.392444,0.194604,0.62489,0.500848,0.175349,0.158939,0.888924,0.025087,0.543134,0.634745,0.743493,0.853893,0.577996,0.725396,0.261433,0.015798,0.034807,0.004979,0.516497,0.005775,0.62078,0.02965,0.013979,0.40184,0.053744,0.245222,0.937279,0.041377,0.655493,0.722277,0.736136,0.667674,0.332326,0.84253,0.298309,0.403853,0.511581,0.163664,0.231455,0.011537,0.697837,0.270571,0.630259,0.139423,0.167828,0.237646,0.112828,0.136502,0.527581,0.019977,0.233225,0.783061,0.18436,0.015744,0.533852,0.07917,0.028922,0.007736,0.282757
AK,Alaska,4,9,1,1,1,0.181824,0.931177,0.077683,0.416239,0.484455,0.295394,0.754913,0.613117,0.304516,0.18845,0.911949,0.062725,0.68412,0.644095,0.748256,0.882604,0.704454,0.759705,0.240035,0.022158,0.075274,0.016803,0.546585,0.031219,0.672268,0.004315,0.020444,0.360282,0.037369,0.264756,0.956631,0.034883,0.78914,0.823706,0.876303,0.812884,0.187116,0.82235,0.374114,0.461469,0.570783,0.321585,0.316427,0.018204,0.792596,0.356063,0.727218,0.161317,0.23568,0.322377,0.174608,0.179457,0.612201,0.012801,0.448653,0.684259,0.250354,0.007289,0.444634,0.06667,0.034831,0,0.321668
AZ,Arizona,3,7,0,1,1,0.28992,0.907336,0.044444,0.309846,0.509685,0.230772,0.692957,0.495397,0.205932,0.179906,0.874557,0.065968,0.654679,0.692366,0.66496,0.842809,0.631634,0.745785,0.255043,0.031775,0.015269,0.001804,0.54991,0.010464,0.664519,0.011539,0.018094,0.396241,0.054936,0.269496,0.962413,0.010218,0.737047,0.711087,0.745228,0.690452,0.309548,0.834519,0.298219,0.399608,0.490516,0.290841,0.265746,0.009599,0.693851,0.301884,0.634104,0.145691,0.185016,0.238782,0.125548,0.132076,0.465358,0.027684,0.186856,0.799466,0.223653,0.050052,0.47172,0.101301,0.033427,0.01044,0.230559
AR,Arkansas,4,8,0,1,1,0.188292,0.874465,0.048869,0.256609,0.437506,0.233252,0.615757,0.513626,0.152471,0.170354,0.869628,0.04356,0.568257,0.667619,0.696908,0.857168,0.636336,0.702218,0.278215,0.009123,0.029201,0.013224,0.451706,0.022013,0.641055,0.029249,0.014461,0.343321,0.05802,0.290147,0.946671,0.012121,0.665792,0.721755,0.76244,0.674626,0.325374,0.830088,0.289405,0.41191,0.503798,0.237579,0.250401,0.017719,0.719627,0.256918,0.634174,0.151486,0.182737,0.24826,0.124448,0.142942,0.494116,0.037593,0.267737,0.776431,0.179762,0.029011,0.504876,0.060881,0.039197,0.00909,0.27846
CA,California,4,9,1,1,1,0.322084,0.907092,0.082476,0.419214,0.486522,0.286141,0.699059,0.582676,0.224119,0.253096,0.909734,0.073287,0.669601,0.757351,0.691886,0.870663,0.71364,0.746722,0.24844,0.024031,0.010083,0.009302,0.552137,0.019956,0.626412,0.014124,0.013932,0.368499,0.034748,0.30985,0.948947,0.018587,0.758817,0.754469,0.814947,0.756078,0.243922,0.835073,0.344536,0.455081,0.530306,0.258162,0.279065,0.014813,0.735874,0.321854,0.667404,0.14922,0.211995,0.263751,0.170952,0.168869,0.611693,0.025913,0.237834,0.853587,0.214143,0.02448,0.490396,0.077911,0.023898,0.012052,0.279572
CO,Colorado,4,8,0,1,1,0.310886,0.915953,0.069679,0.44813,0.500008,0.277636,0.766248,0.608849,0.271613,0.278599,0.949056,0.064235,0.726805,0.736338,0.702484,0.8991,0.721177,0.779764,0.273905,0.016187,0.007254,0.021073,0.60132,0.010825,0.688998,0.002572,0.011385,0.38463,0.054523,0.283051,0.949653,0.030408,0.710962,0.776909,0.810376,0.763447,0.236553,0.838303,0.375559,0.497634,0.538806,0.336434,0.31169,0.007745,0.75008,0.372826,0.681478,0.159354,0.267683,0.317326,0.220809,0.22559,0.517519,0.047919,0.230934,0.844639,0.194657,0.07805,0.441139,0.071876,0.050913,0.019493,0.29067
CT,Connecticut,1,1,1,1,1,0.230818,0.919386,0.054637,0.380531,0.549835,0.307104,0.741473,0.559124,0.225393,0.264294,0.94827,0.037942,0.638241,0.711925,0.687392,0.821239,0.671257,0.761829,0.215285,0.022429,0.008688,0,0.763163,0.019279,0.550795,0.020426,0.007192,0.427765,0.039804,0.295409,0.963315,0.012849,0.792923,0.782847,0.802613,0.763715,0.236285,0.85178,0.354754,0.490266,0.583041,0.255487,0.31096,0.01522,0.775574,0.288246,0.730233,0.163323,0.238735,0.312461,0.144268,0.178675,0.700051,0.006454,0.094899,0.89978,0.149927,0.021014,0.654895,0.070846,0.021051,0.013487,0.184499
DE,Delaware,3,5,1,1,1,0.203855,0.911552,0.094535,0.340844,0.468904,0.267644,0.708485,0.541239,0.176338,0.229374,0.932992,0.05707,0.634464,0.707802,0.695023,0.84709,0.622039,0.741676,0.298786,0.016992,0.006737,0.008654,0.793218,0.018406,0.66883,0.020076,0.024903,0.36771,0.018447,0.283576,0.964376,0.028794,0.775566,0.785695,0.812616,0.747219,0.252781,0.841956,0.382654,0.477403,0.534882,0.271042,0.274178,0.014266,0.778495,0.278735,0.710172,0.175209,0.210186,0.311528,0.138019,0.184256,0.714271,0.074992,0.197873,0.928753,0.122814,0.027313,0.590122,0.072071,0,0.032975,0.189287
DC,District of Columbia,3,5,0,1,1,0.391414,0.932156,0.092811,0.601837,0.572941,0.439797,0.801598,0.770132,0.270653,0.380174,0.957418,0.078319,0.747666,0.831695,0.793907,0.935699,0.835438,0.843555,0.211356,0.014956,0,0.004188,0.628981,0.032502,0.692167,0.017535,0.012703,0.389715,0.009535,0.3467,0.939672,0.027056,0.785345,0.789466,0.812614,0.739933,0.260067,0.87971,0.357254,0.566647,0.625562,0.256876,0.35125,0.015154,0.771686,0.434735,0.691829,0.141116,0.334438,0.420255,0.296615,0.288407,0.50961,0.02585,0.179244,0.90201,0.162488,0.027176,0.465875,0.110692,0.03983,0.003202,0.279905
FL,Florida,3,5,1,1,1,0.194493,0.844386,0.069298,0.377366,0.412787,0.273407,0.647167,0.524675,0.226152,0.223629,0.905582,0.032836,0.65964,0.656694,0.71208,0.848261,0.641967,0.682045,0.289866,0.024781,0.010366,0.002653,0.643734,0.016578,0.600132,0.018022,0.007014,0.352568,0.014329,0.290215,0.958058,0.011525,0.76705,0.726041,0.75713,0.710673,0.289327,0.861389,0.338368,0.451934,0.478964,0.229726,0.23091,0.015505,0.707022,0.268628,0.65358,0.132431,0.155931,0.252766,0.126291,0.150647,0.524603,0.020713,0.144742,0.892632,0.16604,0.015972,0.571824,0.055177,0.017837,0.018257,0.23832
GA,Georgia,3,5,1,1,1,0.26972,0.913836,0.061422,0.385126,0.4499,0.265816,0.658396,0.569835,0.183553,0.223078,0.925083,0.051253,0.641787,0.723744,0.727371,0.895353,0.665658,0.711814,0.267347,0.020254,0.018521,0.001351,0.568005,0.021635,0.626196,0.035167,0.020749,0.347685,0.029591,0.301403,0.944239,0.019022,0.757496,0.772994,0.811158,0.733819,0.266181,0.824146,0.348369,0.480321,0.515125,0.275765,0.307688,0.016559,0.747162,0.321206,0.659531,0.177638,0.214375,0.265408,0.156312,0.187629,0.486283,0.035526,0.230893,0.8153,0.171224,0.014956,0.519612,0.105925,0.016224,0.015996,0.249427
HI,Hawaii,4,9,1,1,1,0.23393,0.930138,0.079023,0.440513,0.535257,0.256073,0.705925,0.595177,0.231938,0.227896,0.938338,0.085588,0.582871,0.673977,0.703081,0.893529,0.734808,0.779085,0.203143,0.012612,0.012406,0.010989,0.575241,0.034931,0.642432,0.011287,0.018265,0.433949,0.024163,0.3039,0.945222,0.018015,0.754997,0.721451,0.797349,0.757518,0.242482,0.833718,0.33636,0.40347,0.525239,0.216389,0.269391,0.022994,0.712416,0.308503,0.657146,0.145232,0.192999,0.264671,0.152062,0.175537,0.481023,0.014118,0.144458,0.848618,0.181054,0.005425,0.610713,0.107102,0.035141,0,0.174545
ID,Idaho,4,8,0,1,1,0.189502,0.904763,0.077099,0.394476,0.516611,0.251706,0.746992,0.57029,0.23195,0.178332,0.93306,0.061274,0.672658,0.696637,0.739998,0.859684,0.65501,0.750422,0.266056,0.018272,0.014292,0.014212,0.379286,0.014206,0.722291,0.020514,0.007368,0.347486,0.05957,0.314438,0.964324,0.016332,0.71214,0.834907,0.848767,0.805159,0.194841,0.806629,0.407673,0.51997,0.582141,0.352242,0.347673,0.010869,0.814166,0.370909,0.758961,0.177638,0.268507,0.304654,0.187666,0.177534,0.600537,0.017735,0.155824,0.699969,0.197331,0,0.553948,0.119638,0.019626,0.012228,0.170655
IL,Illinois,2,3,0,1,1,0.283692,0.938011,0.069438,0.388883,0.507317,0.313416,0.726385,0.550323,0.204302,0.248928,0.922905,0.056055,0.65501,0.744406,0.715525,0.860441,0.688347,0.764315,0.281641,0.011721,0.016185,0.008065,0.59583,0.025657,0.616522,0.018704,0.012061,0.392935,0.021519,0.256433,0.946587,0.013398,0.756676,0.821588,0.834502,0.780584,0.219416,0.841368,0.41273,0.515592,0.607692,0.332166,0.335035,0.012251,0.812511,0.381382,0.755224,0.185886,0.265196,0.319453,0.197699,0.210275,0.485375,0.020424,0.187983,0.863665,0.194172,0.01377,0.562531,0.138895,0,0.00588,0.203742
IN,Indiana,2,3,0,1,1,0.218424,0.866298,0.07098,0.297419,0.476311,0.248576,0.639569,0.484057,0.170166,0.169814,0.874626,0.050173,0.598317,0.688368,0.713118,0.861871,0.689465,0.702377,0.241184,0.022708,0.017695,0.008604,0.552219,0.019179,0.597904,0.027397,0.010649,0.368654,0.047616,0.29673,0.955551,0.021081,0.742794,0.789011,0.798065,0.735101,0.264899,0.831938,0.32833,0.473079,0.514946,0.302404,0.30251,0.013513,0.76931,0.311992,0.712041,0.16693,0.219015,0.29002,0.157266,0.180216,0.534732,0.021211,0.127206,0.777372,0.219741,0.011582,0.569704,0.090448,0.014428,0.017171,0.211882
IA,Iowa,2,4,0,1,1,0.196386,0.905668,0.052819,0.359798,0.492335,0.305467,0.653598,0.548881,0.220303,0.22211,0.900376,0.060024,0.572737,0.686476,0.713312,0.82937,0.68079,0.697885,0.236238,0.014035,0.018375,0,0.516673,0.04117,0.61432,0.024203,0.023309,0.387506,0.053177,0.278503,0.918723,0.031928,0.763204,0.814446,0.815607,0.747355,0.252645,0.83919,0.329312,0.467842,0.544971,0.295839,0.314445,0.017439,0.795466,0.33129,0.724477,0.17275,0.294625,0.341673,0.183252,0.207799,0.52944,0.012461,0.114466,0.73317,0.196475,0.005793,0.643825,0.045293,0.011794,0.006085,0.175285
KS,Kansas,2,4,0,1,1,0.247517,0.848075,0.064465,0.315837,0.463326,0.255658,0.634941,0.54948,0.193145,0.190963,0.899261,0.048276,0.615626,0.669766,0.728062,0.860098,0.659924,0.714842,0.308686,0.01068,0.017771,0.002237,0.553025,0.022746,0.536008,0.019704,0.021667,0.372497,0.041588,0.236533,0.943806,0.015734,0.759568,0.76554,0.801288,0.729486,0.270514,0.828379,0.326216,0.456984,0.521027,0.267931,0.27288,0.009828,0.738986,0.314869,0.66835,0.17333,0.214589,0.285646,0.13227,0.140368,0.427422,0.003693,0.136635,0.796299,0.242533,0.029103,0.504571,0.090339,0.038813,0.012819,0.235314
KY,Kentucky,3,6,0,1,1,0.239733,0.89903,0.045959,0.309124,0.500115,0.297001,0.685731,0.495257,0.194521,0.162388,0.884179,0.052435,0.608823,0.70903,0.749721,0.862907,0.689096,0.736385,0.281636,0.021445,0.017743,0.001677,0.66519,0.020885,0.628931,0.023854,0.012511,0.350291,0.034432,0.290035,0.945131,0.036523,0.768913,0.76299,0.789059,0.735577,0.264423,0.842308,0.354774,0.447459,0.521164,0.292702,0.300333,0.009983,0.753069,0.317521,0.690692,0.152576,0.246804,0.262341,0.147321,0.159276,0.579165,0.013058,0.165375,0.745783,0.193681,0.003803,0.605562,0.074699,0.018112,0.010124,0.215502
LA,Louisiana,3,7,1,1,1,0.216125,0.894109,0.058714,0.333397,0.434176,0.241329,0.625621,0.532275,0.21965,0.169398,0.875984,0.045454,0.613975,0.668176,0.703067,0.901694,0.637282,0.768007,0.254253,0.011191,0.017722,0.004734,0.506516,0.009928,0.651585,0.03271,0.022658,0.345067,0.051914,0.316581,0.95129,0.023998,0.677409,0.743227,0.767846,0.696761,0.303239,0.839783,0.313349,0.405573,0.537542,0.241304,0.227924,0.012778,0.735164,0.308152,0.657176,0.164276,0.223243,0.279469,0.117639,0.170274,0.480751,0.021949,0.216686,0.841587,0.133324,0.007177,0.653315,0.063318,0.00696,0.014776,0.202066
ME,Maine,1,1,1,1,1,0.239882,0.891023,0.044071,0.338473,0.536502,0.232748,0.6654,0.533519,0.161634,0.19607,0.920603,0.065587,0.607831,0.632416,0.740155,0.836486,0.708704,0.730367,0.238491,0.024613,0.013823,0.015763,0.612306,0.010848,0.521972,0.022797,0.012158,0.422087,0.023363,0.242678,0.971695,0.010382,0.828448,0.78623,0.807617,0.758128,0.241872,0.863558,0.322934,0.505551,0.538394,0.295659,0.344016,0.016241,0.781599,0.362938,0.734189,0.157369,0.288216,0.312224,0.179305,0.186335,0.67015,0.012669,0.087281,0.791638,0.199482,0.019674,0.62011,0.034974,0.00821,0.023856,0.209755
MD,Maryland,3,5,1,1,1,0.346957,0.925397,0.077839,0.386737,0.537716,0.315334,0.742796,0.55039,0.239309,0.260341,0.917689,0.045121,0.653314,0.75402,0.688703,0.854233,0.670464,0.740164,0.202055,0.014542,0.017031,0.013821,0.727538,0.004556,0.613961,0.010098,0.014839,0.425765,0.015077,0.301056,0.974774,0.009997,0.811726,0.81488,0.852293,0.805749,0.194251,0.838399,0.439516,0.488739,0.572616,0.271512,0.34049,0.016271,0.793227,0.339552,0.740568,0.147442,0.236137,0.33294,0.165945,0.197641,0.635411,0.013587,0.104252,0.905971,0.207587,0.041653,0.564587,0.043792,0,0.07129,0.210977
MA,Massachusetts,1,1,1,1,1,0.3504,0.932352,0.069723,0.356745,0.566186,0.322654,0.787316,0.555627,0.243298,0.289781,0.916189,0.053716,0.665284,0.723867,0.702823,0.863742,0.698699,0.727168,0.198176,0.018415,0.001307,0.004426,0.782781,0.012434,0.693315,0.00932,0.016767,0.394316,0.008719,0.344831,0.971112,0.012077,0.760268,0.771865,0.790937,0.749064,0.250936,0.86362,0.332768,0.532926,0.55975,0.272679,0.352039,0.020319,0.767242,0.333986,0.720603,0.146162,0.275201,0.325209,0.170373,0.192467,0.679535,0.027827,0.11091,0.941702,0.144916,0.02754,0.580491,0.051611,0.003561,0.00794,0.251836
MI,Michigan,2,3,0,1,1,0.233603,0.907459,0.084411,0.353417,0.447083,0.245646,0.678209,0.531252,0.213598,0.216729,0.892264,0.054327,0.638274,0.727897,0.697604,0.84874,0.644881,0.745054,0.285515,0.013329,0.035857,0.003302,0.668507,0.017683,0.561292,0.016019,0.01922,0.382486,0.039322,0.238208,0.940946,0.036844,0.798662,0.759352,0.769523,0.711627,0.288373,0.844449,0.336503,0.477542,0.514809,0.280725,0.278496,0.014106,0.751151,0.329054,0.693326,0.159252,0.266657,0.253159,0.1834,0.201152,0.539173,0.024079,0.174129,0.875702,0.209218,0.011687,0.594465,0.067328,0.010452,0.011414,0.232418
MN,Minnesota,2,4,0,1,1,0.378907,0.914442,0.050021,0.389975,0.514913,0.321962,0.715645,0.527531,0.212911,0.208762,0.916296,0.075059,0.670313,0.712777,0.71342,0.833759,0.703948,0.750677,0.266426,0.01864,0.02213,0.004431,0.62723,0.011826,0.640594,0.015087,0.006957,0.381458,0.046876,0.279237,0.956214,0.037967,0.798957,0.83488,0.857829,0.797743,0.202257,0.837988,0.332586,0.514894,0.572147,0.307825,0.389643,0.00581,0.830832,0.381156,0.76165,0.170414,0.276127,0.312145,0.188396,0.164359,0.567047,0.009315,0.09224,0.774845,0.222593,0.004963,0.643174,0.057197,0.006072,0.008195,0.204143
MS,Mississippi,3,6,1,1,1,0.156173,0.901483,0.049331,0.277568,0.356211,0.228267,0.585264,0.532929,0.168053,0.159151,0.869729,0.015372,0.533701,0.674137,0.737296,0.883191,0.637101,0.745457,0.288878,0.00454,0.061331,0.009226,0.511539,0.007689,0.637939,0.030324,0.005839,0.274401,0.056417,0.327884,0.971133,0.002618,0.646504,0.707467,0.741914,0.631114,0.368886,0.831599,0.243148,0.37666,0.51823,0.207632,0.231724,0.006625,0.698387,0.288643,0.580451,0.179822,0.144152,0.214165,0.093619,0.150972,0.464863,0.021909,0.182896,0.724901,0.162331,0.030755,0.550218,0.121533,0.057622,0.019082,0.172562
MO,Missouri,2,4,0,1,1,0.243427,0.919586,0.058129,0.334495,0.499673,0.340617,0.692178,0.544201,0.146566,0.177134,0.907665,0.05404,0.607464,0.717243,0.700541,0.835119,0.670561,0.715849,0.272748,0.028899,0.020663,0.014003,0.489281,0.018851,0.591532,0.017838,0.021212,0.396388,0.036717,0.24901,0.945292,0.02445,0.701067,0.767564,0.789059,0.695732,0.304268,0.842425,0.301316,0.450761,0.552191,0.277742,0.306958,0.008386,0.766262,0.356838,0.684725,0.182639,0.254722,0.307625,0.17691,0.177835,0.535892,0,0.166662,0.775006,0.229022,0.021364,0.581997,0.077747,0.00364,0.025384,0.195933
MT,Montana,4,8,0,1,1,0.209572,0.928228,0.039254,0.347919,0.521305,0.255215,0.717817,0.560565,0.234366,0.186287,0.909545,0.060556,0.633553,0.666064,0.696956,0.85313,0.671349,0.713495,0.22551,0.019533,0.019756,0.006135,0.510369,0.015299,0.536915,0.022133,0.009703,0.404948,0.053604,0.286411,0.940147,0.041883,0.78487,0.769308,0.78456,0.729657,0.270343,0.846515,0.346329,0.460462,0.510314,0.285872,0.318052,0.007349,0.750158,0.34272,0.686864,0.149285,0.264604,0.293124,0.182016,0.187036,0.633198,0.002247,0.207608,0.657968,0.211943,0.017705,0.614068,0.045414,0.030853,0.006144,0.217276
NE,Nebraska,2,4,0,1,1,0.15853,0.911067,0.042706,0.301143,0.445144,0.226085,0.658077,0.505019,0.228054,0.185992,0.907351,0.046193,0.58746,0.644783,0.726918,0.841911,0.696112,0.714918,0.296358,0.014296,0.019099,0.006215,0.636539,0.012865,0.400682,0.010666,0.004275,0.398099,0.027134,0.233998,0.923922,0.041711,0.793452,0.794316,0.818909,0.732728,0.267272,0.827858,0.373756,0.479117,0.524192,0.294167,0.330165,0.013736,0.786846,0.330441,0.693475,0.196143,0.231125,0.308159,0.146107,0.185061,0.594241,0.010037,0.129984,0.773163,0.182522,0.027841,0.566283,0.057224,0.016142,0.005416,0.23001
NV,Nevada,4,8,0,1,1,0.26218,0.899147,0.110442,0.425027,0.490378,0.253577,0.72159,0.576485,0.236904,0.213926,0.92152,0.061407,0.732456,0.760797,0.70816,0.876692,0.701329,0.764865,0.233599,0.020471,0.009633,0.005236,0.583274,0.019555,0.6223,0.012077,0.003297,0.405834,0.041222,0.31515,0.959139,0.01868,0.759226,0.805124,0.836375,0.787694,0.212306,0.835985,0.393446,0.51244,0.562534,0.332658,0.313515,0.01174,0.781891,0.333308,0.728277,0.15009,0.17412,0.28813,0.158484,0.158015,0.62099,0.034775,0.166735,0.856123,0.203818,0.014086,0.553053,0.080485,0.009832,0,0.278133
NH,New Hampshire,1,1,1,1,1,0.248148,0.913116,0.045884,0.306506,0.508795,0.223484,0.73551,0.514383,0.233947,0.1818,0.914162,0.042528,0.650931,0.684891,0.681103,0.824717,0.630522,0.690606,0.282674,0.021325,0.012688,0.001694,0.704739,0.00679,0.522646,0.020023,0.011515,0.400909,0.032159,0.232646,0.969485,0.015216,0.786896,0.837044,0.851261,0.797576,0.202424,0.866097,0.400266,0.513357,0.546237,0.29224,0.319689,0.01683,0.823164,0.324233,0.758061,0.150761,0.264706,0.315221,0.152753,0.175974,0.596168,0.020259,0.120537,0.845689,0.194773,0.021506,0.600085,0.078049,0.019356,0.013169,0.14886
NJ,New Jersey,1,2,1,1,1,0.226152,0.915746,0.08413,0.438775,0.491145,0.286076,0.714365,0.546455,0.216858,0.266658,0.929881,0.047786,0.682355,0.741026,0.674996,0.875927,0.725276,0.753823,0.24827,0.011777,0.007613,0.00355,0.831692,0.018215,0.531836,0.005254,0.017266,0.398264,0.020176,0.294082,0.9633,0.005534,0.791074,0.803143,0.820905,0.779655,0.220345,0.838962,0.41619,0.528503,0.579198,0.266701,0.300798,0.010824,0.778598,0.346607,0.730801,0.158356,0.254287,0.311379,0.142053,0.190058,0.735603,0.009814,0.187321,0.933154,0.187995,0.035411,0.542362,0.088679,0.025751,0.011345,0.162503
NM,New Mexico,4,8,0,1,1,0.160153,0.889804,0.072848,0.323413,0.427435,0.292913,0.624088,0.540505,0.235076,0.189106,0.881701,0.015905,0.608735,0.642212,0.655138,0.87807,0.65077,0.659909,0.268247,0.012622,0.024205,0.011944,0.417023,0.015747,0.586582,0.013128,0.008841,0.316279,0.03254,0.337657,0.945488,0.028353,0.676499,0.742372,0.789613,0.668648,0.331352,0.831665,0.308184,0.412502,0.464369,0.228818,0.26415,0.004712,0.721081,0.283344,0.607749,0.166506,0.163123,0.223405,0.164922,0.174782,0.537822,0.019494,0.198918,0.731721,0.153047,0.02335,0.510344,0.069667,0.034068,0.029868,0.280896
NY,New York,1,2,1,1,1,0.195296,0.888209,0.054704,0.386635,0.437187,0.283594,0.650281,0.518628,0.162431,0.202662,0.923894,0.059935,0.62058,0.6799,0.67739,0.85486,0.629646,0.698677,0.26728,0.01261,0.006347,0.011026,0.736405,0.030081,0.533201,0.019423,0.01469,0.37998,0.025344,0.294542,0.951567,0.018498,0.765407,0.747845,0.782523,0.727659,0.272341,0.851059,0.359019,0.461944,0.500536,0.218437,0.272496,0.008157,0.728186,0.271082,0.661374,0.134739,0.201768,0.25533,0.131452,0.17463,0.694924,0.011319,0.178001,0.926871,0.149498,0.031088,0.543042,0.071378,0.011148,0.022748,0.189223
NC,North Carolina,3,5,1,1,1,0.236114,0.888056,0.054505,0.312111,0.508032,0.256937,0.67431,0.519222,0.218735,0.200093,0.909805,0.052162,0.599075,0.740352,0.699248,0.851353,0.666366,0.707319,0.276694,0.026208,0.018431,0.004552,0.593416,0.022875,0.489601,0.012833,0.0147,0.33752,0.025626,0.297591,0.929183,0.025099,0.764593,0.715921,0.75945,0.687296,0.312704,0.839437,0.315588,0.444855,0.477548,0.252204,0.297423,0.008996,0.70365,0.301116,0.628739,0.154449,0.196007,0.244264,0.1416,0.173623,0.656581,0.037188,0.106399,0.808301,0.147621,0.022508,0.531871,0.084096,0.037674,0.007154,0.234932
ND,North Dakota,2,4,0,1,1,0.255793,0.897712,0.079964,0.338352,0.425986,0.251,0.739353,0.508043,0.197379,0.189972,0.890804,0.040851,0.634764,0.66777,0.691493,0.849685,0.62672,0.718016,0.21327,0.017761,0.012835,0.003817,0.593838,0.027185,0.552462,0.020299,0.004997,0.427524,0.033673,0.283208,0.915629,0.067713,0.761494,0.746259,0.772097,0.713284,0.286716,0.834321,0.329888,0.45417,0.477586,0.295635,0.300601,0.010374,0.725167,0.296854,0.664627,0.155694,0.241536,0.309835,0.14861,0.144464,0.502876,0.003079,0.109535,0.851825,0.203707,0.055881,0.646202,0.075074,0,0.021926,0.158359
OH,Ohio,2,3,0,1,1,0.292627,0.903852,0.062577,0.367986,0.517223,0.252886,0.698612,0.522067,0.191137,0.200854,0.900918,0.069127,0.641272,0.707944,0.692881,0.845494,0.658447,0.710734,0.277106,0.016078,0.016261,0.00277,0.602128,0.01724,0.625308,0.02842,0.013539,0.391375,0.027521,0.253763,0.962437,0.018773,0.76286,0.74439,0.765758,0.712542,0.287458,0.840549,0.322005,0.468212,0.520689,0.291321,0.313005,0.013024,0.736187,0.305534,0.681938,0.150164,0.277778,0.281166,0.161716,0.165228,0.594426,0.014141,0.165677,0.845078,0.19006,0.018361,0.581275,0.04296,0.055155,0.022016,0.206389
OK,Oklahoma,3,7,0,1,1,0.186392,0.840627,0.060321,0.273186,0.374501,0.194213,0.562452,0.485682,0.169142,0.187199,0.844238,0.064685,0.539315,0.667064,0.668307,0.863827,0.598639,0.727538,0.233573,0.014684,0.035339,0.00778,0.440865,0.010178,0.547707,0.013725,0.016581,0.32089,0.05664,0.354633,0.941987,0.022725,0.70293,0.727542,0.772323,0.667794,0.332206,0.823432,0.303961,0.376971,0.476762,0.257656,0.263201,0.006978,0.707043,0.27636,0.608822,0.154621,0.196369,0.247843,0.13939,0.141658,0.504553,0.020171,0.272566,0.772473,0.174523,0.018385,0.508094,0.041597,0.027868,0.003769,0.331765
OR,Oregon,4,9,1,1,1,0.353619,0.940612,0.042988,0.396591,0.56722,0.272173,0.733474,0.581266,0.239702,0.196555,0.913481,0.080195,0.672315,0.760562,0.706617,0.861099,0.734198,0.770617,0.214229,0.01336,0.006822,0.00619,0.550588,0.019752,0.661896,0.007774,0.023967,0.388027,0.02292,0.322821,0.961113,0.01957,0.846465,0.828407,0.831702,0.791588,0.208412,0.855973,0.401152,0.535865,0.601628,0.318315,0.338278,0.016649,0.804843,0.379997,0.750138,0.162225,0.281782,0.300933,0.243268,0.200752,0.569155,0.014139,0.078074,0.80612,0.204259,0.017027,0.596429,0.088883,0.024525,0.028372,0.187158
PA,Pennsylvania,1,2,0,1,1,0.271622,0.904551,0.050006,0.324336,0.509175,0.280421,0.719584,0.493081,0.176616,0.178027,0.918064,0.058952,0.636128,0.683343,0.682125,0.821988,0.641592,0.695309,0.255511,0.023722,0.007517,0.003897,0.744002,0.009921,0.539068,0.015814,0.018745,0.377682,0.016401,0.3025,0.979393,0.012761,0.865018,0.720889,0.750667,0.696915,0.303085,0.852025,0.307387,0.44266,0.474321,0.243231,0.302298,0.0106,0.713827,0.297889,0.651743,0.138227,0.249761,0.253436,0.12812,0.148287,0.707097,0.012928,0.116255,0.847148,0.147728,0.006354,0.592926,0.06323,0.034749,0.007538,0.203411
RI,Rhode Island,1,1,1,1,1,0.245741,0.904727,0.062157,0.330518,0.492816,0.2806,0.697848,0.525453,0.184449,0.214285,0.902344,0.070501,0.626631,0.714558,0.682674,0.818493,0.649568,0.732521,0.334657,0.015328,0.023279,0.006385,0.720844,0.014293,0.530473,0.015842,0.015332,0.345952,0.014365,0.244426,0.967907,0.006259,0.802228,0.810638,0.835359,0.790048,0.209952,0.859754,0.330356,0.483849,0.557188,0.285984,0.298197,0.008362,0.788861,0.293745,0.742476,0.162751,0.232734,0.304067,0.110731,0.160393,0.781789,0.002794,0.199347,0.949111,0.19079,0.012286,0.603718,0.101742,0.017377,0.020014,0.184517
SC,South Carolina,3,5,1,1,1,0.189842,0.912756,0.053715,0.32088,0.391702,0.261835,0.660952,0.443157,0.181162,0.173867,0.917229,0.038999,0.602988,0.681843,0.662554,0.853405,0.532635,0.746285,0.292101,0.024849,0.028064,0.001528,0.615178,0.009198,0.616769,0.01459,0.014875,0.383421,0.035278,0.24899,0.960211,0.020924,0.761638,0.752421,0.793979,0.724789,0.275211,0.839364,0.293723,0.450033,0.518935,0.256877,0.268036,0.010363,0.731712,0.300118,0.656531,0.147586,0.212647,0.255629,0.129881,0.153709,0.616238,0.027657,0.223983,0.78947,0.214467,0.023552,0.507421,0.067279,0.015885,0.011852,0.316347
SD,South Dakota,2,4,0,1,1,0.287759,0.880891,0.038066,0.27857,0.481761,0.261844,0.635196,0.419686,0.159478,0.143911,0.854559,0.058186,0.598349,0.624927,0.714907,0.825218,0.633869,0.700961,0.321415,0.025463,0.013902,0.002621,0.616986,0.014131,0.473579,0.020013,0.011077,0.404707,0.055249,0.184653,0.927793,0.049572,0.800713,0.745293,0.778087,0.692876,0.307124,0.828121,0.318176,0.413553,0.46879,0.258344,0.245333,0.011486,0.725935,0.261225,0.631441,0.148184,0.181241,0.278081,0.116241,0.10844,0.626762,0.003863,0.106656,0.812632,0.253113,0.019741,0.5788,0.07656,0.010854,0.019106,0.23828
TN,Tennessee,3,6,0,1,1,0.224524,0.894094,0.085747,0.279941,0.504974,0.265502,0.682655,0.5497,0.178666,0.154616,0.877785,0.045494,0.59629,0.708533,0.726572,0.843566,0.641094,0.676473,0.310947,0.015053,0.021301,0.008444,0.562713,0.018233,0.596072,0.024827,0.017989,0.344946,0.01809,0.246558,0.953594,0.011853,0.764821,0.711557,0.732034,0.673812,0.326188,0.841816,0.318502,0.390128,0.469426,0.252225,0.257768,0.009905,0.694234,0.283111,0.624798,0.119771,0.206008,0.226451,0.161281,0.142297,0.447955,0.030964,0.130225,0.887055,0.162188,0.015259,0.584298,0.052548,0.015988,0.015149,0.256729
TX,Texas,3,7,1,1,1,0.232144,0.902077,0.08907,0.409506,0.440786,0.269046,0.642971,0.586266,0.251094,0.255396,0.90787,0.059361,0.679398,0.763578,0.749466,0.912878,0.707709,0.759553,0.246691,0.015705,0.015574,0.008572,0.53991,0.021336,0.70891,0.019657,0.018332,0.366679,0.046559,0.315427,0.944948,0.014353,0.677243,0.744324,0.789209,0.713322,0.286678,0.812364,0.335408,0.423339,0.527741,0.263479,0.279736,0.014188,0.713669,0.303798,0.638145,0.160997,0.19769,0.26758,0.160727,0.169154,0.543099,0.045098,0.292078,0.883384,0.200399,0.021482,0.549402,0.071143,0.031489,0.010743,0.26577
UT,Utah,4,8,0,1,1,0.275303,0.941923,0.080999,0.424307,0.560444,0.270097,0.748358,0.618834,0.243042,0.219035,0.936679,0.09869,0.765177,0.716926,0.759229,0.900071,0.768957,0.745229,0.290728,0.012971,0.001591,0.006744,0.488598,0.039221,0.610857,0.008365,0.023604,0.33168,0.046595,0.338336,0.926744,0.02467,0.796066,0.826076,0.859866,0.795601,0.204399,0.784802,0.364602,0.486144,0.51886,0.363266,0.357467,0.021966,0.805792,0.367074,0.732854,0.173374,0.289194,0.297831,0.145293,0.200967,0.476734,0.014876,0.220989,0.750541,0.199351,0.014593,0.464562,0.102498,0.03005,0.007429,0.301821
VT,Vermont,1,1,0,1,1,0.236971,0.918594,0.044386,0.359364,0.529821,0.187939,0.748038,0.538787,0.18738,0.190865,0.928131,0.051094,0.640443,0.652385,0.681622,0.783478,0.654373,0.662129,0.248198,0.019789,0.00762,0.00756,0.615428,0.013928,0.517321,0.012261,0.020759,0.395503,0.030736,0.277904,0.968931,0.010466,0.765425,0.841844,0.865479,0.812423,0.187577,0.860347,0.342705,0.519716,0.52219,0.290252,0.327223,0.014631,0.824973,0.351668,0.763955,0.161097,0.225882,0.347196,0.178658,0.159014,0.659568,0.002659,0.106649,0.715701,0.187008,0.026663,0.596085,0.054989,0.028668,0,0.212952
VA,Virginia,3,5,1,1,1,0.356119,0.906454,0.087227,0.355648,0.54626,0.236293,0.747951,0.562449,0.246613,0.240379,0.925382,0.09402,0.701941,0.718192,0.682284,0.85487,0.660899,0.770967,0.20449,0.010718,0.018617,0.00248,0.660632,0.008626,0.631106,0.022706,0.006949,0.410264,0.032659,0.303814,0.969477,0.014898,0.831344,0.796669,0.809579,0.764195,0.235805,0.834305,0.329204,0.511356,0.556138,0.335937,0.346889,0.019076,0.780059,0.36724,0.734652,0.155108,0.24627,0.312454,0.177369,0.172169,0.636526,0.006152,0.167083,0.893806,0.18253,0.012414,0.547996,0.062835,0.052682,0.004272,0.218672
WA,Washington,4,9,1,1,1,0.388633,0.938973,0.085282,0.441683,0.548672,0.273977,0.778678,0.581831,0.220595,0.222993,0.940294,0.076358,0.70997,0.756346,0.753229,0.860991,0.72426,0.782909,0.280256,0.014637,0.008729,0.008945,0.551756,0.033022,0.655837,0.00951,0.011843,0.410874,0.047095,0.243432,0.972022,0.01422,0.803318,0.810072,0.844897,0.783364,0.216636,0.838559,0.369739,0.479169,0.574367,0.345532,0.336489,0.0158,0.791018,0.396955,0.726564,0.132164,0.282975,0.300946,0.2176,0.214738,0.490929,0.02603,0.146645,0.845637,0.326082,0.023935,0.509803,0.073643,0.038257,0.004209,0.273688
WV,West Virginia,3,5,0,1,1,0.185122,0.895655,0.059291,0.281132,0.43648,0.230842,0.599414,0.442067,0.193346,0.16411,0.86121,0.045335,0.543814,0.66787,0.716392,0.788411,0.567895,0.650188,0.273209,0.015149,0.011543,0.008948,0.625499,0.009902,0.500225,0.020893,0.022577,0.383872,0.0438,0.257278,0.967001,0.010464,0.791169,0.720574,0.753329,0.681676,0.318324,0.854061,0.265468,0.397562,0.446065,0.203504,0.280235,0.008581,0.716754,0.262735,0.63301,0.141613,0.191532,0.227885,0.132002,0.107717,0.663695,0.018859,0.104182,0.736252,0.149593,0.017607,0.583038,0.074144,0.033175,0.018533,0.21704
WI,Wisconsin,2,3,0,1,1,0.309567,0.941237,0.047366,0.316663,0.514535,0.266803,0.654868,0.520924,0.177967,0.185202,0.909337,0.045081,0.623123,0.695168,0.70069,0.82614,0.693494,0.713647,0.324573,0.013677,0.021646,0.008909,0.616232,0.007533,0.577305,0.01123,0.020064,0.375849,0.032302,0.221923,0.965532,0.008811,0.827778,0.846179,0.858605,0.815098,0.184902,0.847345,0.368608,0.534538,0.590515,0.279556,0.309507,0.014367,0.825279,0.350956,0.77271,0.183267,0.281708,0.310161,0.185811,0.192984,0.524151,0.00716,0.121598,0.826539,0.128158,0.005838,0.606044,0.054531,0.007588,0.012287,0.212243
WY,Wyoming,4,8,0,1,1,0.198125,0.90906,0.050165,0.346337,0.493231,0.250959,0.741201,0.524879,0.234327,0.173635,0.905903,0.039776,0.640295,0.703425,0.676031,0.854598,0.628667,0.723451,0.222804,0.019248,0.017359,0.013305,0.511477,0.016549,0.582285,0.01843,0.024061,0.414344,0.093003,0.289414,0.952313,0.006327,0.684738,0.803978,0.822964,0.755649,0.244351,0.838163,0.366725,0.48919,0.55492,0.333019,0.337846,0.015257,0.800427,0.351612,0.725823,0.186502,0.241749,0.320873,0.176126,0.18067,0.544149,0,0.209808,0.763351,0.204204,0.013983,0.643464,0.04595,0.036892,0.046231,0.139432